{
    "$schema": "https://schema.management.azure.com/schemas/2019-04-01/deploymentTemplate.json#",
    "contentVersion": "1.0.0.0",
    "parameters": {
        "workflows_mdcremovesharedprivateaccess_name": {
            "defaultValue": "mdcremovesharedprivateaccess",
            "type": "String"
        },
        "connections_ascassessment_1_externalid": {
            "defaultValue": "/subscriptions/f56a08af-394c-48fb-877f-e20fc4fee675/resourceGroups/mdc-workshop/providers/Microsoft.Web/connections/ascassessment-1",
            "type": "String"
        }
    },
    "variables": {},
    "resources": [
        {
            "type": "Microsoft.Logic/workflows",
            "apiVersion": "2017-07-01",
            "name": "[parameters('workflows_mdcremovesharedprivateaccess_name')]",
            "location": "eastus",
            "identity": {
                "type": "SystemAssigned"
            },
            "properties": {
                "state": "Enabled",
                "definition": {
                    "$schema": "https://schema.management.azure.com/providers/Microsoft.Logic/schemas/2016-06-01/workflowdefinition.json#",
                    "contentVersion": "1.0.0.0",
                    "parameters": {
                        "$connections": {
                            "defaultValue": {},
                            "type": "Object"
                        }
                    },
                    "triggers": {
                        "When_a_Microsoft_Defender_for_Cloud_recommendation_is_created_or_triggered": {
                            "type": "ApiConnectionWebhook",
                            "inputs": {
                                "body": {
                                    "callback_url": "@{listCallbackUrl()}"
                                },
                                "host": {
                                    "connection": {
                                        "name": "@parameters('$connections')['ascassessment']['connectionId']"
                                    }
                                },
                                "path": "/Microsoft.Security/Assessment/subscribe"
                            }
                        }
                    },
                    "actions": {
                        "HTTP": {
                            "runAfter": {
                                "resourceGroupName": [
                                    "Succeeded"
                                ],
                                "storageName": [
                                    "Succeeded"
                                ],
                                "subscriptionId": [
                                    "Succeeded"
                                ]
                            },
                            "type": "Http",
                            "inputs": {
                                "authentication": {
                                    "type": "ManagedServiceIdentity"
                                },
                                "body": {
                                    "properties": {
                                        "allowSharedKeyAccess": false
                                    }
                                },
                                "method": "PATCH",
                                "uri": "https://management.azure.com/subscriptions/@{variables('subscriptionId')}/resourceGroups/@{variables('resourceGroupName')}/providers/Microsoft.Storage/storageAccounts/@{variables('storageName')}?api-version=2023-01-01"
                            }
                        },
                        "IdDetails": {
                            "runAfter": {},
                            "type": "InitializeVariable",
                            "inputs": {
                                "variables": [
                                    {
                                        "name": "IdDetails",
                                        "type": "array",
                                        "value": "@split(triggerBody()?['id'],'/')"
                                    }
                                ]
                            }
                        },
                        "resourceGroupName": {
                            "runAfter": {
                                "IdDetails": [
                                    "Succeeded"
                                ]
                            },
                            "type": "InitializeVariable",
                            "inputs": {
                                "variables": [
                                    {
                                        "name": "resourceGroupName",
                                        "type": "string",
                                        "value": "@{variables('IdDetails')[4]}"
                                    }
                                ]
                            }
                        },
                        "storageName": {
                            "runAfter": {
                                "IdDetails": [
                                    "Succeeded"
                                ]
                            },
                            "type": "InitializeVariable",
                            "inputs": {
                                "variables": [
                                    {
                                        "name": "storageName",
                                        "type": "string",
                                        "value": "@{variables('IdDetails')[8]}"
                                    }
                                ]
                            }
                        },
                        "subscriptionId": {
                            "runAfter": {
                                "IdDetails": [
                                    "Succeeded"
                                ]
                            },
                            "type": "InitializeVariable",
                            "inputs": {
                                "variables": [
                                    {
                                        "name": "subscriptionId",
                                        "type": "string",
                                        "value": "@{variables('IdDetails')[2]}"
                                    }
                                ]
                            }
                        }
                    },
                    "outputs": {}
                },
                "parameters": {
                    "$connections": {
                        "value": {
                            "ascassessment": {
                                "connectionId": "[parameters('connections_ascassessment_1_externalid')]",
                                "connectionName": "ascassessment-1",
                                "id": "/subscriptions/f56a08af-394c-48fb-877f-e20fc4fee675/providers/Microsoft.Web/locations/eastus/managedApis/ascassessment"
                            }
                        }
                    }
                }
            }
        }
    ]
}